{"v":"5.7.4","fr":30,"ip":0,"op":151,"w":500,"h":500,"nm":"Contact","ddd":0,"assets":[{"id":"comp_0","layers":[{"ddd":0,"ind":1,"ty":4,"nm":"Layer 3","sr":1,"ks":{"o":{"a":1,"k":[{"i":{"x":[0.667],"y":[1]},"o":{"x":[0.333],"y":[0]},"t":13,"s":[0]},{"t":19,"s":[100]}],"ix":11},"r":{"a":0,"k":0,"ix":10},"p":{"a":0,"k":[290.396,256.433,0],"ix":2,"l":2},"a":{"a":0,"k":[295.396,256.001,0],"ix":1,"l":2},"s":{"a":0,"k":[88.684,100,100],"ix":6,"l":2}},"ao":0,"shapes":[{"ty":"gr","it":[{"ind":0,"ty":"sh","ix":1,"ks":{"a":1,"k":[{"i":{"x":0.667,"y":1},"o":{"x":0.333,"y":0},"t":25,"s":[{"i":[[1.669,0],[0,0],[0,1.669],[0,0],[-1.669,0],[0,0],[0,-1.669],[0,0]],"o":[[0,0],[-1.669,0],[0,0],[0,-1.669],[0,0],[1.669,0],[0,0],[0,1.669]],"v":[[-42.711,3.079],[-43.409,3.022],[-46.431,0],[-46.431,0],[-43.409,-3.022],[-42.711,-2.965],[-39.689,0.057],[-39.689,0.057]],"c":true}]},{"t":45,"s":[{"i":[[1.669,0],[0,0],[0,1.669],[0,0],[-1.669,0],[0,0],[0,-1.669],[0,0]],"o":[[0,0],[-1.669,0],[0,0],[0,-1.669],[0,0],[1.669,0],[0,0],[0,1.669]],"v":[[43.409,3.022],[-43.409,3.022],[-46.431,0],[-46.431,0],[-43.409,-3.022],[43.409,-3.022],[46.431,0],[46.431,0]],"c":true}]}],"ix":2},"nm":"Path 1","mn":"ADBE Vector Shape - Group","hd":false},{"ty":"fl","c":{"a":0,"k":[1,1,1,1],"ix":4},"o":{"a":0,"k":100,"ix":5},"r":1,"bm":0,"nm":"Fill 1","mn":"ADBE Vector Graphic - Fill","hd":false},{"ty":"tr","p":{"a":0,"k":[288.804,269.652],"ix":2},"a":{"a":0,"k":[0,0],"ix":1},"s":{"a":0,"k":[100,100],"ix":3},"r":{"a":0,"k":0,"ix":6},"o":{"a":0,"k":100,"ix":7},"sk":{"a":0,"k":0,"ix":4},"sa":{"a":0,"k":0,"ix":5},"nm":"Transform"}],"nm":"Group 1","np":2,"cix":2,"bm":0,"ix":1,"mn":"ADBE Vector Group","hd":false},{"ty":"gr","it":[{"ind":0,"ty":"sh","ix":1,"ks":{"a":1,"k":[{"i":{"x":0.667,"y":1},"o":{"x":0.333,"y":0},"t":19,"s":[{"i":[[1.669,0],[0,0],[0,1.669],[0,0],[-1.669,0],[0,0],[0,-1.669],[0,0]],"o":[[0,0],[-1.669,0],[0,0],[0,-1.669],[0,0],[1.669,0],[0,0],[0,1.669]],"v":[[-36.922,3.079],[-37.923,3.022],[-40.945,0],[-40.945,0],[-37.923,-3.022],[-36.922,-2.965],[-33.9,0.057],[-33.9,0.057]],"c":true}]},{"t":39,"s":[{"i":[[1.669,0],[0,0],[0,1.669],[0,0],[-1.669,0],[0,0],[0,-1.669],[0,0]],"o":[[0,0],[-1.669,0],[0,0],[0,-1.669],[0,0],[1.669,0],[0,0],[0,1.669]],"v":[[37.923,3.022],[-37.923,3.022],[-40.945,0],[-40.945,0],[-37.923,-3.022],[37.923,-3.022],[40.945,0],[40.945,0]],"c":true}]}],"ix":2},"nm":"Path 1","mn":"ADBE Vector Shape - Group","hd":false},{"ty":"fl","c":{"a":0,"k":[1,1,1,1],"ix":4},"o":{"a":0,"k":100,"ix":5},"r":1,"bm":0,"nm":"Fill 1","mn":"ADBE Vector Graphic - Fill","hd":false},{"ty":"tr","p":{"a":0,"k":[283.318,256.001],"ix":2},"a":{"a":0,"k":[0,0],"ix":1},"s":{"a":0,"k":[100,100],"ix":3},"r":{"a":0,"k":0,"ix":6},"o":{"a":0,"k":100,"ix":7},"sk":{"a":0,"k":0,"ix":4},"sa":{"a":0,"k":0,"ix":5},"nm":"Transform"}],"nm":"Group 2","np":2,"cix":2,"bm":0,"ix":2,"mn":"ADBE Vector Group","hd":false},{"ty":"gr","it":[{"ind":0,"ty":"sh","ix":1,"ks":{"a":1,"k":[{"i":{"x":0.667,"y":1},"o":{"x":0.333,"y":0},"t":13,"s":[{"i":[[1.669,0],[0,0],[0,1.669],[0,0],[-1.669,0],[0,0],[0,-1.669],[0,0]],"o":[[0,0],[-1.669,0],[0,0],[0,-1.669],[0,0],[1.669,0],[0,0],[0,1.669]],"v":[[-48.946,2.954],[-50.001,3.022],[-53.023,0],[-53.023,0],[-50.001,-3.022],[-48.946,-3.09],[-45.924,-0.068],[-45.924,-0.068]],"c":true}]},{"t":33,"s":[{"i":[[1.669,0],[0,0],[0,1.669],[0,0],[-1.669,0],[0,0],[0,-1.669],[0,0]],"o":[[0,0],[-1.669,0],[0,0],[0,-1.669],[0,0],[1.669,0],[0,0],[0,1.669]],"v":[[50.001,3.022],[-50.001,3.022],[-53.023,0],[-53.023,0],[-50.001,-3.022],[50.001,-3.022],[53.023,0],[53.023,0]],"c":true}]}],"ix":2},"nm":"Path 1","mn":"ADBE Vector Shape - Group","hd":false},{"ty":"fl","c":{"a":0,"k":[1,1,1,1],"ix":4},"o":{"a":0,"k":100,"ix":5},"r":1,"bm":0,"nm":"Fill 1","mn":"ADBE Vector Graphic - Fill","hd":false},{"ty":"tr","p":{"a":0,"k":[295.396,242.35],"ix":2},"a":{"a":0,"k":[0,0],"ix":1},"s":{"a":0,"k":[100,100],"ix":3},"r":{"a":0,"k":0,"ix":6},"o":{"a":0,"k":100,"ix":7},"sk":{"a":0,"k":0,"ix":4},"sa":{"a":0,"k":0,"ix":5},"nm":"Transform"}],"nm":"Group 3","np":2,"cix":2,"bm":0,"ix":3,"mn":"ADBE Vector Group","hd":false}],"ip":4,"op":155,"st":4,"bm":0},{"ddd":0,"ind":2,"ty":4,"nm":"Layer 2","sr":1,"ks":{"o":{"a":0,"k":100,"ix":11},"r":{"a":0,"k":0,"ix":10},"p":{"a":0,"k":[177.945,256.433,0],"ix":2,"l":2},"a":{"a":0,"k":[170.945,248.547,0],"ix":1,"l":2},"s":{"a":0,"k":[136,136,100],"ix":6,"l":2}},"ao":0,"shapes":[{"ty":"gr","it":[{"ind":0,"ty":"sh","ix":1,"ks":{"a":0,"k":{"i":[[0,-6.505],[6.505,0],[0,6.505],[-6.505,0]],"o":[[0,6.505],[-6.505,0],[0,-6.505],[6.505,0]],"v":[[11.779,0],[0,11.779],[-11.779,0],[0,-11.779]],"c":true},"ix":2},"nm":"Path 1","mn":"ADBE Vector Shape - Group","hd":false},{"ty":"fl","c":{"a":0,"k":[1,1,1,1],"ix":4},"o":{"a":0,"k":100,"ix":5},"r":1,"bm":0,"nm":"Fill 1","mn":"ADBE Vector Graphic - Fill","hd":false},{"ty":"tr","p":{"a":0,"k":[170.945,235.96],"ix":2},"a":{"a":0,"k":[0,0],"ix":1},"s":{"a":1,"k":[{"i":{"x":[0.499,0.499],"y":[1,1]},"o":{"x":[0.512,0.512],"y":[0,0]},"t":13,"s":[0,0]},{"t":33,"s":[100,100]}],"ix":3},"r":{"a":0,"k":0,"ix":6},"o":{"a":0,"k":100,"ix":7},"sk":{"a":0,"k":0,"ix":4},"sa":{"a":0,"k":0,"ix":5},"nm":"Transform"}],"nm":"Group 1","np":2,"cix":2,"bm":0,"ix":1,"mn":"ADBE Vector Group","hd":false},{"ty":"gr","it":[{"ind":0,"ty":"sh","ix":1,"ks":{"a":0,"k":{"i":[[5.504,0],[0,0],[0,5.504],[0,0],[-5.504,0],[0,0],[0,-5.504],[0,0]],"o":[[0,0],[-5.504,0],[0,0],[0,-5.504],[0,0],[5.504,0],[0,0],[0,5.504]],"v":[[13.047,9.967],[-13.047,9.967],[-23.014,0],[-23.014,0],[-13.047,-9.967],[13.047,-9.967],[23.014,0],[23.014,0]],"c":true},"ix":2},"nm":"Path 1","mn":"ADBE Vector Shape - Group","hd":false},{"ty":"fl","c":{"a":0,"k":[1,1,1,1],"ix":4},"o":{"a":0,"k":100,"ix":5},"r":1,"bm":0,"nm":"Fill 1","mn":"ADBE Vector Graphic - Fill","hd":false},{"ty":"tr","p":{"a":0,"k":[170.945,262.946],"ix":2},"a":{"a":0,"k":[0,0],"ix":1},"s":{"a":1,"k":[{"i":{"x":[0.483,0.483],"y":[1,1]},"o":{"x":[0.333,0.333],"y":[0,0]},"t":13,"s":[0,0]},{"t":33,"s":[100,100]}],"ix":3},"r":{"a":0,"k":0,"ix":6},"o":{"a":0,"k":100,"ix":7},"sk":{"a":0,"k":0,"ix":4},"sa":{"a":0,"k":0,"ix":5},"nm":"Transform"}],"nm":"Group 2","np":2,"cix":2,"bm":0,"ix":2,"mn":"ADBE Vector Group","hd":false}],"ip":4,"op":155,"st":4,"bm":0},{"ddd":0,"ind":3,"ty":4,"nm":"Layer 1","sr":1,"ks":{"o":{"a":0,"k":100,"ix":11},"r":{"a":0,"k":0,"ix":10},"p":{"a":0,"k":[242.374,256.433,0],"ix":2,"l":2},"a":{"a":0,"k":[0,0,0],"ix":1,"l":2},"s":{"a":1,"k":[{"i":{"x":[0.667,0.667,0.667],"y":[1,1,1]},"o":{"x":[0.77,0.77,0.333],"y":[0,0,0]},"t":0,"s":[0,0,100]},{"i":{"x":[0.667,0.667,0.667],"y":[1,1,1]},"o":{"x":[0.333,0.333,0.333],"y":[0,0,0]},"t":11,"s":[110,110,100]},{"t":16,"s":[100,100,100]}],"ix":6,"l":2}},"ao":0,"shapes":[{"ty":"gr","it":[{"ind":0,"ty":"sh","ix":1,"ks":{"a":0,"k":{"i":[[6.676,0],[0,0],[0,6.676],[0,0],[-6.676,0],[0,0],[0,-6.676],[0,0]],"o":[[0,0],[-6.676,0],[0,0],[0,-6.676],[0,0],[6.676,0],[0,0],[0,6.676]],"v":[[116.209,72.253],[-116.209,72.253],[-128.297,60.165],[-128.297,-60.165],[-116.209,-72.253],[116.209,-72.253],[128.297,-60.165],[128.297,60.165]],"c":true},"ix":2},"nm":"Path 1","mn":"ADBE Vector Shape - Group","hd":false},{"ind":1,"ty":"sh","ix":2,"ks":{"a":0,"k":{"i":[[6.676,0],[0,0],[0,6.676],[0,0],[-6.676,0],[0,0],[0,-6.676],[0,0]],"o":[[0,0],[-6.676,0],[0,0],[0,-6.676],[0,0],[6.676,0],[0,0],[0,6.676]],"v":[[116.209,72.253],[-116.209,72.253],[-128.297,60.165],[-128.297,-60.165],[-116.209,-72.253],[116.209,-72.253],[128.297,-60.165],[128.297,60.165]],"c":true},"ix":2},"nm":"Mask","mn":"ADBE Vector Shape - Group","hd":false},{"ty":"mm","mm":4,"nm":"Merge Paths 1","mn":"ADBE Vector Filter - Merge","hd":false},{"ty":"fl","c":{"a":0,"k":[0.19999998504,0.632941092697,1,1],"ix":4},"o":{"a":0,"k":100,"ix":5},"r":1,"bm":0,"nm":"Fill 1","mn":"ADBE Vector Graphic - Fill","hd":false},{"ty":"tr","p":{"a":0,"k":[0,0],"ix":2},"a":{"a":0,"k":[0,0],"ix":1},"s":{"a":0,"k":[100,100],"ix":3},"r":{"a":0,"k":0,"ix":6},"o":{"a":0,"k":100,"ix":7},"sk":{"a":0,"k":0,"ix":4},"sa":{"a":0,"k":0,"ix":5},"nm":"Transform"}],"nm":"Group 1","np":4,"cix":2,"bm":0,"ix":1,"mn":"ADBE Vector Group","hd":false}],"ip":0,"op":151,"st":0,"bm":0}]}],"layers":[{"ddd":0,"ind":1,"ty":0,"nm":"Card","refId":"comp_0","sr":1,"ks":{"o":{"a":0,"k":100,"ix":11},"r":{"a":0,"k":0,"ix":10},"p":{"k":[{"s":[250,249.772,0],"t":24,"i":{"x":1,"y":1},"o":{"x":0,"y":0}},{"s":[250,249.632,0],"t":25,"i":{"x":1,"y":1},"o":{"x":0,"y":0}},{"s":[250,249.457,0],"t":26,"i":{"x":1,"y":1},"o":{"x":0,"y":0}},{"s":[250,249.245,0],"t":27,"i":{"x":1,"y":1},"o":{"x":0,"y":0}},{"s":[250,248.996,0],"t":28,"i":{"x":1,"y":1},"o":{"x":0,"y":0}},{"s":[250,248.708,0],"t":29,"i":{"x":1,"y":1},"o":{"x":0,"y":0}},{"s":[250,248.377,0],"t":30,"i":{"x":1,"y":1},"o":{"x":0,"y":0}},{"s":[250,248,0],"t":31,"i":{"x":1,"y":1},"o":{"x":0,"y":0}},{"s":[250,247.572,0],"t":32,"i":{"x":1,"y":1},"o":{"x":0,"y":0}},{"s":[250,247.093,0],"t":33,"i":{"x":1,"y":1},"o":{"x":0,"y":0}},{"s":[250,246.562,0],"t":34,"i":{"x":1,"y":1},"o":{"x":0,"y":0}},{"s":[250,245.974,0],"t":35,"i":{"x":1,"y":1},"o":{"x":0,"y":0}},{"s":[250,245.328,0],"t":36,"i":{"x":1,"y":1},"o":{"x":0,"y":0}},{"s":[250,244.625,0],"t":37,"i":{"x":1,"y":1},"o":{"x":0,"y":0}},{"s":[250,243.87,0],"t":38,"i":{"x":1,"y":1},"o":{"x":0,"y":0}},{"s":[250,243.066,0],"t":39,"i":{"x":1,"y":1},"o":{"x":0,"y":0}},{"s":[250,242.218,0],"t":40,"i":{"x":1,"y":1},"o":{"x":0,"y":0}},{"s":[250,241.334,0],"t":41,"i":{"x":1,"y":1},"o":{"x":0,"y":0}},{"s":[250,240.423,0],"t":42,"i":{"x":1,"y":1},"o":{"x":0,"y":0}},{"s":[250,239.497,0],"t":43,"i":{"x":1,"y":1},"o":{"x":0,"y":0}},{"s":[250,238.574,0],"t":44,"i":{"x":1,"y":1},"o":{"x":0,"y":0}},{"s":[250,237.675,0],"t":45,"i":{"x":1,"y":1},"o":{"x":0,"y":0}},{"s":[250,236.818,0],"t":46,"i":{"x":1,"y":1},"o":{"x":0,"y":0}},{"s":[250,236.023,0],"t":47,"i":{"x":1,"y":1},"o":{"x":0,"y":0}},{"s":[250,235.307,0],"t":48,"i":{"x":1,"y":1},"o":{"x":0,"y":0}},{"s":[250,234.681,0],"t":49,"i":{"x":1,"y":1},"o":{"x":0,"y":0}},{"s":[250,234.156,0],"t":50,"i":{"x":1,"y":1},"o":{"x":0,"y":0}},{"s":[250,233.729,0],"t":51,"i":{"x":1,"y":1},"o":{"x":0,"y":0}},{"s":[250,233.4,0],"t":52,"i":{"x":1,"y":1},"o":{"x":0,"y":0}},{"s":[250,233.169,0],"t":53,"i":{"x":1,"y":1},"o":{"x":0,"y":0}},{"s":[250,233.397,0],"t":58,"i":{"x":1,"y":1},"o":{"x":0,"y":0}},{"s":[250,233.722,0],"t":59,"i":{"x":1,"y":1},"o":{"x":0,"y":0}},{"s":[250,234.142,0],"t":60,"i":{"x":1,"y":1},"o":{"x":0,"y":0}},{"s":[250,234.657,0],"t":61,"i":{"x":1,"y":1},"o":{"x":0,"y":0}},{"s":[250,235.269,0],"t":62,"i":{"x":1,"y":1},"o":{"x":0,"y":0}},{"s":[250,235.968,0],"t":63,"i":{"x":1,"y":1},"o":{"x":0,"y":0}},{"s":[250,236.743,0],"t":64,"i":{"x":1,"y":1},"o":{"x":0,"y":0}},{"s":[250,237.58,0],"t":65,"i":{"x":1,"y":1},"o":{"x":0,"y":0}},{"s":[250,238.46,0],"t":66,"i":{"x":1,"y":1},"o":{"x":0,"y":0}},{"s":[250,239.366,0],"t":67,"i":{"x":1,"y":1},"o":{"x":0,"y":0}},{"s":[250,240.278,0],"t":68,"i":{"x":1,"y":1},"o":{"x":0,"y":0}},{"s":[250,241.18,0],"t":69,"i":{"x":1,"y":1},"o":{"x":0,"y":0}},{"s":[250,242.059,0],"t":70,"i":{"x":1,"y":1},"o":{"x":0,"y":0}},{"s":[250,242.905,0],"t":71,"i":{"x":1,"y":1},"o":{"x":0,"y":0}},{"s":[250,243.712,0],"t":72,"i":{"x":1,"y":1},"o":{"x":0,"y":0}},{"s":[250,244.474,0],"t":73,"i":{"x":1,"y":1},"o":{"x":0,"y":0}},{"s":[250,245.186,0],"t":74,"i":{"x":1,"y":1},"o":{"x":0,"y":0}},{"s":[250,245.844,0],"t":75,"i":{"x":1,"y":1},"o":{"x":0,"y":0}},{"s":[250,246.446,0],"t":76,"i":{"x":1,"y":1},"o":{"x":0,"y":0}},{"s":[250,246.99,0],"t":77,"i":{"x":1,"y":1},"o":{"x":0,"y":0}},{"s":[250,247.483,0],"t":78,"i":{"x":1,"y":1},"o":{"x":0,"y":0}},{"s":[250,247.924,0],"t":79,"i":{"x":1,"y":1},"o":{"x":0,"y":0}},{"s":[250,248.314,0],"t":80,"i":{"x":1,"y":1},"o":{"x":0,"y":0}},{"s":[250,248.656,0],"t":81,"i":{"x":1,"y":1},"o":{"x":0,"y":0}},{"s":[250,248.955,0],"t":82,"i":{"x":1,"y":1},"o":{"x":0,"y":0}},{"s":[250,249.213,0],"t":83,"i":{"x":1,"y":1},"o":{"x":0,"y":0}},{"s":[250,249.433,0],"t":84,"i":{"x":1,"y":1},"o":{"x":0,"y":0}},{"s":[250,249.615,0],"t":85,"i":{"x":1,"y":1},"o":{"x":0,"y":0}},{"s":[250,249.761,0],"t":86,"i":{"x":1,"y":1},"o":{"x":0,"y":0}},{"s":[250,249.632,0],"t":95,"i":{"x":1,"y":1},"o":{"x":0,"y":0}},{"s":[250,249.457,0],"t":96,"i":{"x":1,"y":1},"o":{"x":0,"y":0}},{"s":[250,249.245,0],"t":97,"i":{"x":1,"y":1},"o":{"x":0,"y":0}},{"s":[250,248.996,0],"t":98,"i":{"x":1,"y":1},"o":{"x":0,"y":0}},{"s":[250,248.708,0],"t":99,"i":{"x":1,"y":1},"o":{"x":0,"y":0}},{"s":[250,248.377,0],"t":100,"i":{"x":1,"y":1},"o":{"x":0,"y":0}},{"s":[250,248,0],"t":101,"i":{"x":1,"y":1},"o":{"x":0,"y":0}},{"s":[250,247.572,0],"t":102,"i":{"x":1,"y":1},"o":{"x":0,"y":0}},{"s":[250,247.093,0],"t":103,"i":{"x":1,"y":1},"o":{"x":0,"y":0}},{"s":[250,246.562,0],"t":104,"i":{"x":1,"y":1},"o":{"x":0,"y":0}},{"s":[250,245.974,0],"t":105,"i":{"x":1,"y":1},"o":{"x":0,"y":0}},{"s":[250,245.328,0],"t":106,"i":{"x":1,"y":1},"o":{"x":0,"y":0}},{"s":[250,244.625,0],"t":107,"i":{"x":1,"y":1},"o":{"x":0,"y":0}},{"s":[250,243.87,0],"t":108,"i":{"x":1,"y":1},"o":{"x":0,"y":0}},{"s":[250,243.066,0],"t":109,"i":{"x":1,"y":1},"o":{"x":0,"y":0}},{"s":[250,242.218,0],"t":110,"i":{"x":1,"y":1},"o":{"x":0,"y":0}},{"s":[250,241.334,0],"t":111,"i":{"x":1,"y":1},"o":{"x":0,"y":0}},{"s":[250,240.423,0],"t":112,"i":{"x":1,"y":1},"o":{"x":0,"y":0}},{"s":[250,239.497,0],"t":113,"i":{"x":1,"y":1},"o":{"x":0,"y":0}},{"s":[250,238.574,0],"t":114,"i":{"x":1,"y":1},"o":{"x":0,"y":0}},{"s":[250,237.675,0],"t":115,"i":{"x":1,"y":1},"o":{"x":0,"y":0}},{"s":[250,236.818,0],"t":116,"i":{"x":1,"y":1},"o":{"x":0,"y":0}},{"s":[250,236.023,0],"t":117,"i":{"x":1,"y":1},"o":{"x":0,"y":0}},{"s":[250,235.307,0],"t":118,"i":{"x":1,"y":1},"o":{"x":0,"y":0}},{"s":[250,234.681,0],"t":119,"i":{"x":1,"y":1},"o":{"x":0,"y":0}},{"s":[250,234.156,0],"t":120,"i":{"x":1,"y":1},"o":{"x":0,"y":0}},{"s":[250,233.729,0],"t":121,"i":{"x":1,"y":1},"o":{"x":0,"y":0}},{"s":[250,233.4,0],"t":122,"i":{"x":1,"y":1},"o":{"x":0,"y":0}},{"s":[250,233.169,0],"t":123,"i":{"x":1,"y":1},"o":{"x":0,"y":0}},{"s":[250,233.397,0],"t":128,"i":{"x":1,"y":1},"o":{"x":0,"y":0}},{"s":[250,233.722,0],"t":129,"i":{"x":1,"y":1},"o":{"x":0,"y":0}},{"s":[250,234.142,0],"t":130,"i":{"x":1,"y":1},"o":{"x":0,"y":0}},{"s":[250,234.657,0],"t":131,"i":{"x":1,"y":1},"o":{"x":0,"y":0}},{"s":[250,235.269,0],"t":132,"i":{"x":1,"y":1},"o":{"x":0,"y":0}},{"s":[250,235.968,0],"t":133,"i":{"x":1,"y":1},"o":{"x":0,"y":0}},{"s":[250,236.743,0],"t":134,"i":{"x":1,"y":1},"o":{"x":0,"y":0}},{"s":[250,237.58,0],"t":135,"i":{"x":1,"y":1},"o":{"x":0,"y":0}},{"s":[250,238.46,0],"t":136,"i":{"x":1,"y":1},"o":{"x":0,"y":0}},{"s":[250,239.366,0],"t":137,"i":{"x":1,"y":1},"o":{"x":0,"y":0}},{"s":[250,240.278,0],"t":138,"i":{"x":1,"y":1},"o":{"x":0,"y":0}},{"s":[250,241.18,0],"t":139,"i":{"x":1,"y":1},"o":{"x":0,"y":0}},{"s":[250,242.059,0],"t":140,"i":{"x":1,"y":1},"o":{"x":0,"y":0}},{"s":[250,242.905,0],"t":141,"i":{"x":1,"y":1},"o":{"x":0,"y":0}},{"s":[250,243.712,0],"t":142,"i":{"x":1,"y":1},"o":{"x":0,"y":0}},{"s":[250,244.474,0],"t":143,"i":{"x":1,"y":1},"o":{"x":0,"y":0}},{"s":[250,245.186,0],"t":144,"i":{"x":1,"y":1},"o":{"x":0,"y":0}},{"s":[250,245.844,0],"t":145,"i":{"x":1,"y":1},"o":{"x":0,"y":0}},{"s":[250,246.446,0],"t":146,"i":{"x":1,"y":1},"o":{"x":0,"y":0}},{"s":[250,246.99,0],"t":147,"i":{"x":1,"y":1},"o":{"x":0,"y":0}},{"s":[250,247.483,0],"t":148,"i":{"x":1,"y":1},"o":{"x":0,"y":0}},{"s":[250,247.924,0],"t":149,"i":{"x":1,"y":1},"o":{"x":0,"y":0}},{"s":[250,248.314,0],"t":150,"i":{"x":1,"y":1},"o":{"x":0,"y":0}}],"l":2},"a":{"a":0,"k":[250,250,0],"ix":1,"l":2},"s":{"a":0,"k":[100,100,100],"ix":6,"l":2}},"ao":0,"w":500,"h":500,"ip":0,"op":151,"st":0,"bm":0}],"markers":[]}